{"cameraMode":{"drawMode":0,"name":"Shaded","section":"Shading Mode"},"sceneLighting":false,"audioPlay":false,"sceneViewState":{"showFog":true,"showMaterialUpdate":false,"showSkybox":false,"showFlares":true,"showImageEffects":true,"showParticleSystems":true},"in2DMode":false,"pivot":{"x":0.32599085569381716,"y":-0.009396076202392578,"z":-0.11935293674468994},"rotation":{"x":-0.06977900862693787,"y":0.861603856086731,"z":-0.48740050196647646,"w":-0.12335154414176941},"size":4.511846542358398,"orthographic":false}