{"cameraMode":{"drawMode":0,"name":"Shaded","section":"Shading Mode"},"sceneLighting":false,"audioPlay":false,"sceneViewState":{"showFog":true,"showMaterialUpdate":false,"showSkybox":false,"showFlares":true,"showImageEffects":true,"showParticleSystems":true},"in2DMode":false,"pivot":{"x":-10.467181205749512,"y":0.7264862060546875,"z":-1.5422115325927735},"rotation":{"x":0.0633436068892479,"y":-0.18454495072364808,"z":0.011919674463570118,"w":0.9807089567184448},"size":16.75503158569336,"orthographic":false}