{"cameraMode":{"drawMode":0,"name":"Shaded","section":"Shading Mode"},"sceneLighting":false,"audioPlay":false,"sceneViewState":{"showFog":false,"showMaterialUpdate":false,"showSkybox":false,"showFlares":false,"showImageEffects":false,"showParticleSystems":false},"in2DMode":false,"pivot":{"x":0.8576075434684753,"y":0.1494913101196289,"z":-16.884008407592775},"rotation":{"x":0.7466500401496887,"y":-0.15120308101177216,"z":0.18153336644172669,"w":0.6218892931938171},"size":28.498790740966798,"orthographic":false}