{"cameraMode":{"drawMode":0,"name":"Shaded","section":"Shading Mode"},"sceneLighting":false,"audioPlay":false,"sceneViewState":{"showFog":false,"showMaterialUpdate":false,"showSkybox":false,"showFlares":false,"showImageEffects":false,"showParticleSystems":false},"in2DMode":false,"pivot":{"x":-0.7984886169433594,"y":0.8108441829681397,"z":63.26177215576172},"rotation":{"x":0.7466500401496887,"y":-0.15120308101177216,"z":0.18153336644172669,"w":0.6218892931938171},"size":15.860877990722657,"orthographic":false}